,year_data,year,region,region_description,state,offense,occurrence,age,cleared,population,occ_per_100k,clr_per_100k
1,0,2014,9,Southwest/Pacific,Alaska,commercial sex act,11,adult,3,737045,14.92446187,4.070307783
2,0,2014,9,Southwest/Pacific,Arizona,commercial sex act,15,adult,8,6634999,2.260738849,1.205727386
3,0,2014,9,Southwest/Pacific,California,commercial sex act,0,adult,0,38280824,0,0
4,0,2014,10,Rockies/Mid-West,Colorado,commercial sex act,11,adult,0,5270482,2.087095639,0
5,0,2014,3,Mideast South,Delaware,commercial sex act,0,adult,0,923638,0,0
6,0,2014,5,Gulf Coast East,Florida,commercial sex act,57,adult,44,19563166,2.913638825,2.249124707
7,0,2014,9,Southwest/Pacific,Guam,commercial sex act,0,adult,0,160375,0,0
8,0,2014,9,Southwest/Pacific,Hawaii,commercial sex act,0,adult,0,1408453,0,0
9,0,2014,12,Northeast,Idaho,commercial sex act,0,adult,0,1611530,0,0
10,0,2014,7,North Central,Illinois,commercial sex act,50,adult,0,12898269,3.876489163,0
11,0,2014,7,North Central,Indiana,commercial sex act,0,adult,0,6568367,0,0
12,0,2014,10,Rockies/Mid-West,Kansas,commercial sex act,1,adult,1,2893510,0.345601017,0.345601017
13,0,2014,1,New England,Massachusetts,commercial sex act,6,adult,4,6713944,0.893662503,0.595775002
14,0,2014,6,Central,Michigan,commercial sex act,2,adult,2,9913349,0.201748168,0.201748168
15,0,2014,7,North Central,Minnesota,commercial sex act,22,adult,5,5413693,4.063769408,0.923583956
16,0,2014,8,Plains,Missouri,commercial sex act,5,adult,1,6040658,0.827724397,0.165544879
17,0,2014,5,Gulf Coast East,Mississippi,commercial sex act,0,adult,0,2988797,0,0
18,0,2014,12,Northeast,Montana,commercial sex act,1,adult,0,1013564,0.98661752,0
19,0,2014,9,Southwest/Pacific,Nevada,commercial sex act,0,adult,0,2776972,0,0
20,0,2014,6,Central,Ohio,commercial sex act,0,adult,0,11576576,0,0
21,0,2014,10,Rockies/Mid-West,Oklahoma,commercial sex act,10,adult,7,3853205,2.595242143,1.8166695
22,0,2014,12,Northeast,Oregon,commercial sex act,0,adult,0,3922908,0,0
23,0,2014,8,Plains,South Dakota,commercial sex act,0,adult,0,842270,0,0
24,0,2014,6,Central,Tennessee,commercial sex act,29,adult,0,6493432,4.466051235,0
25,0,2014,11,Gulf Coast West,Texas,commercial sex act,78,adult,17,26489464,2.944566942,0.64176459
26,0,2014,10,Rockies/Mid-West,Utah,commercial sex act,0,adult,0,2897927,0,0
27,0,2014,5,Gulf Coast East,U.S. Virgin Islands,commercial sex act,0,adult,0,108044,0,0
28,0,2014,12,Northeast,Washington,commercial sex act,2,adult,0,6962906,0.287236392,0
29,0,2014,10,Rockies/Mid-West,Wyoming,commercial sex act,0,adult,0,582123,0,0
30,1,2015,9,Southwest/Pacific,Alaska,commercial sex act,10,adult,1,736307,13.5812915,1.35812915
31,1,2015,9,Southwest/Pacific,Arizona,commercial sex act,5,adult,6,6733840,0.742518385,0.891022062
32,1,2015,8,Plains,Arkansas,commercial sex act,5,adult,2,2967726,1.684791655,0.673916662
33,1,2015,10,Rockies/Mid-West,Colorado,commercial sex act,11,adult,5,5351218,2.05560678,0.934366718
34,1,2015,2,Mideast North,Connecticut,commercial sex act,0,adult,0,3594783,0,0
35,1,2015,3,Mideast South,Delaware,commercial sex act,0,adult,0,932596,0,0
36,1,2015,5,Gulf Coast East,Florida,commercial sex act,44,adult,23,19860330,2.215471747,1.158087504
37,1,2015,9,Southwest/Pacific,Guam,commercial sex act,0,adult,0,160967,0,0
38,1,2015,9,Southwest/Pacific,Hawaii,commercial sex act,3,adult,0,1414862,2.120348133,0
39,1,2015,12,Northeast,Idaho,commercial sex act,0,adult,0,1631479,0,0
40,1,2015,7,North Central,Illinois,commercial sex act,53,adult,0,12888962,4.11204564,0
41,1,2015,7,North Central,Indiana,commercial sex act,0,adult,0,6593533,0,0
42,1,2015,10,Rockies/Mid-West,Kansas,commercial sex act,0,adult,0,2900896,0,0
43,1,2015,11,Gulf Coast West,Louisiana,commercial sex act,51,adult,40,4644204,10.98142976,8.612886083
44,1,2015,1,New England,Maine,commercial sex act,0,adult,0,1330760,0,0
45,1,2015,4,Mid-Atlantic,Maryland,commercial sex act,27,adult,22,5958165,4.531596557,3.692412009
46,1,2015,1,New England,Massachusetts,commercial sex act,0,adult,0,6763652,0,0
47,1,2015,6,Central,Michigan,commercial sex act,3,adult,3,9930589,0.302096885,0.302096885
48,1,2015,7,North Central,Minnesota,commercial sex act,119,adult,77,5451522,21.82876635,14.12449587
49,1,2015,5,Gulf Coast East,Mississippi,commercial sex act,0,adult,0,2990623,0,0
50,1,2015,8,Plains,Missouri,commercial sex act,13,adult,5,6056293,2.146527587,0.825587533
51,1,2015,12,Northeast,Montana,commercial sex act,0,adult,0,1021891,0,0
52,1,2015,8,Plains,Nebraska,commercial sex act,0,adult,0,1879522,0,0
53,1,2015,9,Southwest/Pacific,Nevada,commercial sex act,214,adult,48,2819012,75.91312133,17.02724217
54,1,2015,2,Mideast North,New York,commercial sex act,0,adult,0,19656330,0,0
55,1,2015,4,Mid-Atlantic,North Carolina,commercial sex act,0,adult,0,9933944,0,0
56,1,2015,6,Central,Ohio,commercial sex act,3,adult,2,11602973,0.258554424,0.172369616
57,1,2015,10,Rockies/Mid-West,Oklahoma,commercial sex act,38,adult,26,3878367,9.797938153,6.70385242
58,1,2015,12,Northeast,Oregon,commercial sex act,0,adult,0,3964106,0,0
59,1,2015,5,Gulf Coast East,Puerto Rico,commercial sex act,0,adult,0,3534874,0,0
60,1,2015,1,New England,Rhode Island,commercial sex act,0,adult,0,1056017,0,0
61,1,2015,4,Mid-Atlantic,South Carolina,commercial sex act,10,adult,5,4823793,2.073057447,1.036528723
62,1,2015,8,Plains,South Dakota,commercial sex act,0,adult,0,849088,0,0
63,1,2015,6,Central,Tennessee,commercial sex act,32,adult,10,6540826,4.892348459,1.528858893
64,1,2015,11,Gulf Coast West,Texas,commercial sex act,98,adult,30,26977142,3.632705051,1.112052567
65,1,2015,5,Gulf Coast East,U.S. Virgin Islands,commercial sex act,0,adult,0,107884,0,0
66,1,2015,10,Rockies/Mid-West,Utah,commercial sex act,0,adult,0,2937399,0,0
67,1,2015,12,Northeast,Washington,commercial sex act,1,adult,0,7052439,0.141794917,0
68,1,2015,7,North Central,Wisconsin,commercial sex act,4,adult,2,5751974,0.695413435,0.347706718
69,1,2015,10,Rockies/Mid-West,Wyoming,commercial sex act,0,adult,0,582548,0,0
70,2,2016,9,Southwest/Pacific,Alaska,commercial sex act,11,adult,8,737547,14.91430377,10.84676638
71,2,2016,9,Southwest/Pacific,Arizona,commercial sex act,19,adult,5,6833596,2.78038093,0.731679192
72,2,2016,8,Plains,Arkansas,commercial sex act,4,adult,4,2978407,1.342999798,1.342999798
73,2,2016,10,Rockies/Mid-West,Colorado,commercial sex act,12,adult,3,5452107,2.20098395,0.550245987
74,2,2016,2,Mideast North,Connecticut,commercial sex act,1,adult,0,3587509,0.278744945,0
75,2,2016,3,Mideast South,Delaware,commercial sex act,0,adult,0,941413,0,0
76,2,2016,5,Gulf Coast East,Florida,commercial sex act,98,adult,50,20224249,4.845668188,2.472279688
77,2,2016,9,Southwest/Pacific,Hawaii,commercial sex act,2,adult,0,1422484,1.40599121,0
78,2,2016,7,North Central,Illinois,commercial sex act,21,adult,0,12864342,1.632419287,0
79,2,2016,7,North Central,Indiana,commercial sex act,4,adult,0,6608296,0.605299763,0
80,2,2016,10,Rockies/Mid-West,Kansas,commercial sex act,0,adult,0,2909502,0,0
81,2,2016,11,Gulf Coast West,Louisiana,commercial sex act,121,adult,90,4664851,25.93866342,19.29322073
82,2,2016,4,Mid-Atlantic,Maryland,commercial sex act,17,adult,15,5986717,2.839619778,2.505546863
83,2,2016,1,New England,Massachusetts,commercial sex act,0,adult,0,6795891,0,0
84,2,2016,6,Central,Michigan,commercial sex act,1,adult,1,9932573,0.100678847,0.100678847
85,2,2016,7,North Central,Minnesota,commercial sex act,235,adult,190,5482503,42.86363364,34.65570379
86,2,2016,5,Gulf Coast East,Mississippi,commercial sex act,0,adult,0,2988693,0,0
87,2,2016,8,Plains,Missouri,commercial sex act,16,adult,12,6071745,2.635156779,1.976367585
88,2,2016,12,Northeast,Montana,commercial sex act,1,adult,0,1030503,0.970399892,0
89,2,2016,9,Southwest/Pacific,Nevada,commercial sex act,140,adult,23,2868666,48.80317193,8.017663959
90,2,2016,8,Plains,North Dakota,commercial sex act,4,adult,0,754022,5.304885003,0
91,2,2016,6,Central,Ohio,commercial sex act,1,adult,0,11617850,0.086074446,0
92,2,2016,10,Rockies/Mid-West,Oklahoma,commercial sex act,42,adult,36,3909831,10.74215228,9.207559099
93,2,2016,12,Northeast,Oregon,commercial sex act,0,adult,0,4016918,0,0
94,2,2016,5,Gulf Coast East,Puerto Rico,commercial sex act,0,adult,0,3473166,0,0
95,2,2016,1,New England,Rhode Island,commercial sex act,5,adult,2,1056173,4.734072922,1.893629169
96,2,2016,4,Mid-Atlantic,South Carolina,commercial sex act,15,adult,7,4892253,3.066072012,1.430833606
97,2,2016,8,Plains,South Dakota,commercial sex act,0,adult,0,853933,0,0
98,2,2016,6,Central,Tennessee,commercial sex act,55,adult,26,6590808,8.344955581,3.944888093
99,2,2016,11,Gulf Coast West,Texas,commercial sex act,130,adult,49,27486814,4.729540499,1.782672957
100,2,2016,5,Gulf Coast East,U.S. Virgin Islands,commercial sex act,0,adult,0,107710,0,0
101,2,2016,10,Rockies/Mid-West,Utah,commercial sex act,0,adult,0,2982497,0,0
102,2,2016,2,Mideast North,Vermont,commercial sex act,2,adult,2,625197,3.198991678,3.198991678
103,2,2016,12,Northeast,Washington,commercial sex act,13,adult,3,7163543,1.814744464,0.418787184
104,2,2016,7,North Central,Wisconsin,commercial sex act,34,adult,18,5761406,5.901337278,3.124237382
105,2,2016,10,Rockies/Mid-West,Wyoming,commercial sex act,3,adult,2,585668,5.122356011,3.414904007
106,3,2017,5,Gulf Coast East,Alabama,commercial sex act,0,adult,0,4864745,0,0
107,3,2017,9,Southwest/Pacific,Alaska,commercial sex act,2,adult,0,741504,2.697220784,0
108,3,2017,9,Southwest/Pacific,Arizona,commercial sex act,92,adult,34,6945452,13.24607815,4.895289752
109,3,2017,8,Plains,Arkansas,commercial sex act,0,adult,0,2990410,0,0
110,3,2017,9,Southwest/Pacific,California,commercial sex act,0,adult,0,39209127,0,0
111,3,2017,10,Rockies/Mid-West,Colorado,commercial sex act,49,adult,14,5540921,8.843295185,2.526655767
112,3,2017,2,Mideast North,Connecticut,commercial sex act,8,adult,0,3578674,2.235464868,0
113,3,2017,3,Mideast South,Delaware,commercial sex act,5,adult,4,949216,5.267504973,4.214003978
114,3,2017,5,Gulf Coast East,Florida,commercial sex act,65,adult,51,20629982,3.150754082,2.472130126
115,3,2017,5,Gulf Coast East,Georgia,commercial sex act,0,adult,0,10304763,0,0
116,3,2017,9,Southwest/Pacific,Guam,commercial sex act,0,adult,0,162896,0,0
117,3,2017,9,Southwest/Pacific,Hawaii,commercial sex act,2,adult,1,1428105,1.400457249,0.700228625
118,3,2017,12,Northeast,Idaho,commercial sex act,0,adult,0,1682930,0,0
119,3,2017,7,North Central,Illinois,commercial sex act,26,adult,0,12826895,2.026990944,0
120,3,2017,7,North Central,Indiana,commercial sex act,2,adult,0,6633344,0.301507053,0
121,3,2017,10,Rockies/Mid-West,Kansas,commercial sex act,3,adult,2,2911263,1.030480585,0.686987057
122,3,2017,6,Central,Kentucky,commercial sex act,8,adult,0,4438229,1.80252078,0
123,3,2017,11,Gulf Coast West,Louisiana,commercial sex act,59,adult,47,4678215,12.61164782,10.04656691
124,3,2017,1,New England,Maine,commercial sex act,2,adult,0,1331370,1.502212007,0
125,3,2017,4,Mid-Atlantic,Maryland,commercial sex act,0,adult,0,6004692,0,0
126,3,2017,1,New England,Massachusetts,commercial sex act,17,adult,5,6826022,2.490469559,0.732491047
127,3,2017,6,Central,Michigan,commercial sex act,11,adult,2,9951890,1.105317683,0.200966852
128,3,2017,7,North Central,Minnesota,commercial sex act,173,adult,146,5523409,31.32123658,26.4329511
129,3,2017,5,Gulf Coast East,Mississippi,commercial sex act,0,adult,0,2988298,0,0
130,3,2017,8,Plains,Missouri,commercial sex act,25,adult,15,6087203,4.106976554,2.464185932
131,3,2017,12,Northeast,Montana,commercial sex act,2,adult,0,1040863,1.921482462,0
132,3,2017,8,Plains,Nebraska,commercial sex act,0,adult,0,1905924,0,0
133,3,2017,9,Southwest/Pacific,Nevada,commercial sex act,5,adult,0,2919772,1.71246248,0
134,3,2017,1,New England,New Hampshire,commercial sex act,2,adult,2,1342373,1.489898858,1.489898858
135,3,2017,10,Rockies/Mid-West,New Mexico,commercial sex act,0,adult,0,2092789,0,0
136,3,2017,2,Mideast North,New York,commercial sex act,0,adult,0,19641589,0,0
137,3,2017,4,Mid-Atlantic,North Carolina,commercial sex act,0,adult,0,10156679,0,0
138,3,2017,8,Plains,North Dakota,commercial sex act,10,adult,0,754353,13.25639323,0
139,3,2017,6,Central,Ohio,commercial sex act,0,adult,0,11635003,0,0
140,3,2017,10,Rockies/Mid-West,Oklahoma,commercial sex act,25,adult,15,3926769,6.36655734,3.819934404
141,3,2017,12,Northeast,Oregon,commercial sex act,1,adult,0,4091404,0.244414876,0
142,3,2017,5,Gulf Coast East,Puerto Rico,commercial sex act,0,adult,0,3406495,0,0
143,3,2017,1,New England,Rhode Island,commercial sex act,12,adult,3,1057063,11.3522089,2.838052226
144,3,2017,4,Mid-Atlantic,South Carolina,commercial sex act,26,adult,1,4958235,5.243801474,0.201684672
145,3,2017,8,Plains,South Dakota,commercial sex act,3,adult,0,862890,3.476688802,0
146,3,2017,6,Central,Tennessee,commercial sex act,75,adult,10,6645011,11.28666303,1.504888404
147,3,2017,11,Gulf Coast West,Texas,commercial sex act,193,adult,78,27937492,6.908279383,2.791947108
148,3,2017,10,Rockies/Mid-West,Utah,commercial sex act,1,adult,0,3042613,0.328664868,0
149,3,2017,12,Northeast,Washington,commercial sex act,29,adult,6,7294680,3.975499953,0.822517232
150,3,2017,7,North Central,Wisconsin,commercial sex act,59,adult,16,5772958,10.22006396,2.771542769
151,3,2017,10,Rockies/Mid-West,Wyoming,commercial sex act,2,adult,1,584290,3.422957778,1.711478889
152,0,2014,9,Southwest/Pacific,Alaska,commercial sex act,11,juvenile,0,737045,14.92446187,0
153,0,2014,9,Southwest/Pacific,Arizona,commercial sex act,15,juvenile,0,6634999,2.260738849,0
154,0,2014,9,Southwest/Pacific,California,commercial sex act,0,juvenile,0,38280824,0,0
155,0,2014,10,Rockies/Mid-West,Colorado,commercial sex act,11,juvenile,0,5270482,2.087095639,0
156,0,2014,3,Mideast South,Delaware,commercial sex act,0,juvenile,0,923638,0,0
157,0,2014,5,Gulf Coast East,Florida,commercial sex act,57,juvenile,0,19563166,2.913638825,0
158,0,2014,9,Southwest/Pacific,Guam,commercial sex act,0,juvenile,0,160375,0,0
159,0,2014,9,Southwest/Pacific,Hawaii,commercial sex act,0,juvenile,0,1408453,0,0
160,0,2014,12,Northeast,Idaho,commercial sex act,0,juvenile,0,1611530,0,0
161,0,2014,7,North Central,Illinois,commercial sex act,50,juvenile,0,12898269,3.876489163,0
162,0,2014,7,North Central,Indiana,commercial sex act,0,juvenile,0,6568367,0,0
163,0,2014,10,Rockies/Mid-West,Kansas,commercial sex act,1,juvenile,0,2893510,0.345601017,0
164,0,2014,1,New England,Massachusetts,commercial sex act,6,juvenile,0,6713944,0.893662503,0
165,0,2014,6,Central,Michigan,commercial sex act,2,juvenile,0,9913349,0.201748168,0
166,0,2014,7,North Central,Minnesota,commercial sex act,22,juvenile,0,5413693,4.063769408,0
167,0,2014,8,Plains,Missouri,commercial sex act,5,juvenile,1,6040658,0.827724397,0.165544879
168,0,2014,5,Gulf Coast East,Mississippi,commercial sex act,0,juvenile,0,2988797,0,0
169,0,2014,12,Northeast,Montana,commercial sex act,1,juvenile,0,1013564,0.98661752,0
170,0,2014,9,Southwest/Pacific,Nevada,commercial sex act,0,juvenile,0,2776972,0,0
171,0,2014,6,Central,Ohio,commercial sex act,0,juvenile,0,11576576,0,0
172,0,2014,10,Rockies/Mid-West,Oklahoma,commercial sex act,10,juvenile,0,3853205,2.595242143,0
173,0,2014,12,Northeast,Oregon,commercial sex act,0,juvenile,0,3922908,0,0
174,0,2014,8,Plains,South Dakota,commercial sex act,0,juvenile,0,842270,0,0
175,0,2014,6,Central,Tennessee,commercial sex act,29,juvenile,0,6493432,4.466051235,0
176,0,2014,11,Gulf Coast West,Texas,commercial sex act,78,juvenile,5,26489464,2.944566942,0.188754291
177,0,2014,10,Rockies/Mid-West,Utah,commercial sex act,0,juvenile,0,2897927,0,0
178,0,2014,5,Gulf Coast East,U.S. Virgin Islands,commercial sex act,0,juvenile,0,108044,0,0
179,0,2014,12,Northeast,Washington,commercial sex act,2,juvenile,0,6962906,0.287236392,0
180,0,2014,10,Rockies/Mid-West,Wyoming,commercial sex act,0,juvenile,0,582123,0,0
181,1,2015,9,Southwest/Pacific,Alaska,commercial sex act,10,juvenile,0,736307,13.5812915,0
182,1,2015,9,Southwest/Pacific,Arizona,commercial sex act,5,juvenile,0,6733840,0.742518385,0
183,1,2015,8,Plains,Arkansas,commercial sex act,5,juvenile,0,2967726,1.684791655,0
184,1,2015,10,Rockies/Mid-West,Colorado,commercial sex act,11,juvenile,0,5351218,2.05560678,0
185,1,2015,2,Mideast North,Connecticut,commercial sex act,0,juvenile,0,3594783,0,0
186,1,2015,3,Mideast South,Delaware,commercial sex act,0,juvenile,0,932596,0,0
187,1,2015,5,Gulf Coast East,Florida,commercial sex act,44,juvenile,0,19860330,2.215471747,0
188,1,2015,9,Southwest/Pacific,Guam,commercial sex act,0,juvenile,0,160967,0,0
189,1,2015,9,Southwest/Pacific,Hawaii,commercial sex act,3,juvenile,0,1414862,2.120348133,0
190,1,2015,12,Northeast,Idaho,commercial sex act,0,juvenile,0,1631479,0,0
191,1,2015,7,North Central,Illinois,commercial sex act,53,juvenile,0,12888962,4.11204564,0
192,1,2015,7,North Central,Indiana,commercial sex act,0,juvenile,0,6593533,0,0
193,1,2015,10,Rockies/Mid-West,Kansas,commercial sex act,0,juvenile,0,2900896,0,0
194,1,2015,11,Gulf Coast West,Louisiana,commercial sex act,51,juvenile,1,4644204,10.98142976,0.215322152
195,1,2015,1,New England,Maine,commercial sex act,0,juvenile,0,1330760,0,0
196,1,2015,4,Mid-Atlantic,Maryland,commercial sex act,27,juvenile,0,5958165,4.531596557,0
197,1,2015,1,New England,Massachusetts,commercial sex act,0,juvenile,0,6763652,0,0
198,1,2015,6,Central,Michigan,commercial sex act,3,juvenile,0,9930589,0.302096885,0
199,1,2015,7,North Central,Minnesota,commercial sex act,119,juvenile,0,5451522,21.82876635,0
200,1,2015,5,Gulf Coast East,Mississippi,commercial sex act,0,juvenile,0,2990623,0,0
201,1,2015,8,Plains,Missouri,commercial sex act,13,juvenile,0,6056293,2.146527587,0
202,1,2015,12,Northeast,Montana,commercial sex act,0,juvenile,0,1021891,0,0
203,1,2015,8,Plains,Nebraska,commercial sex act,0,juvenile,0,1879522,0,0
204,1,2015,9,Southwest/Pacific,Nevada,commercial sex act,214,juvenile,1,2819012,75.91312133,0.354734212
205,1,2015,2,Mideast North,New York,commercial sex act,0,juvenile,0,19656330,0,0
206,1,2015,4,Mid-Atlantic,North Carolina,commercial sex act,0,juvenile,0,9933944,0,0
207,1,2015,6,Central,Ohio,commercial sex act,3,juvenile,0,11602973,0.258554424,0
208,1,2015,10,Rockies/Mid-West,Oklahoma,commercial sex act,38,juvenile,1,3878367,9.797938153,0.257840478
209,1,2015,12,Northeast,Oregon,commercial sex act,0,juvenile,0,3964106,0,0
210,1,2015,5,Gulf Coast East,Puerto Rico,commercial sex act,0,juvenile,0,3534874,0,0
211,1,2015,1,New England,Rhode Island,commercial sex act,0,juvenile,0,1056017,0,0
212,1,2015,4,Mid-Atlantic,South Carolina,commercial sex act,10,juvenile,0,4823793,2.073057447,0
213,1,2015,8,Plains,South Dakota,commercial sex act,0,juvenile,0,849088,0,0
214,1,2015,6,Central,Tennessee,commercial sex act,32,juvenile,0,6540826,4.892348459,0
215,1,2015,11,Gulf Coast West,Texas,commercial sex act,98,juvenile,0,26977142,3.632705051,0
216,1,2015,5,Gulf Coast East,U.S. Virgin Islands,commercial sex act,0,juvenile,0,107884,0,0
217,1,2015,10,Rockies/Mid-West,Utah,commercial sex act,0,juvenile,0,2937399,0,0
218,1,2015,12,Northeast,Washington,commercial sex act,1,juvenile,0,7052439,0.141794917,0
219,1,2015,7,North Central,Wisconsin,commercial sex act,4,juvenile,0,5751974,0.695413435,0
220,1,2015,10,Rockies/Mid-West,Wyoming,commercial sex act,0,juvenile,0,582548,0,0
221,2,2016,9,Southwest/Pacific,Alaska,commercial sex act,11,juvenile,0,737547,14.91430377,0
222,2,2016,9,Southwest/Pacific,Arizona,commercial sex act,19,juvenile,0,6833596,2.78038093,0
223,2,2016,8,Plains,Arkansas,commercial sex act,4,juvenile,0,2978407,1.342999798,0
224,2,2016,10,Rockies/Mid-West,Colorado,commercial sex act,12,juvenile,0,5452107,2.20098395,0
225,2,2016,2,Mideast North,Connecticut,commercial sex act,1,juvenile,0,3587509,0.278744945,0
226,2,2016,3,Mideast South,Delaware,commercial sex act,0,juvenile,0,941413,0,0
227,2,2016,5,Gulf Coast East,Florida,commercial sex act,98,juvenile,0,20224249,4.845668188,0
228,2,2016,9,Southwest/Pacific,Hawaii,commercial sex act,2,juvenile,0,1422484,1.40599121,0
229,2,2016,7,North Central,Illinois,commercial sex act,21,juvenile,0,12864342,1.632419287,0
230,2,2016,7,North Central,Indiana,commercial sex act,4,juvenile,2,6608296,0.605299763,0.302649881
231,2,2016,10,Rockies/Mid-West,Kansas,commercial sex act,0,juvenile,0,2909502,0,0
232,2,2016,11,Gulf Coast West,Louisiana,commercial sex act,121,juvenile,2,4664851,25.93866342,0.428738238
233,2,2016,4,Mid-Atlantic,Maryland,commercial sex act,17,juvenile,0,5986717,2.839619778,0
234,2,2016,1,New England,Massachusetts,commercial sex act,0,juvenile,0,6795891,0,0
235,2,2016,6,Central,Michigan,commercial sex act,1,juvenile,0,9932573,0.100678847,0
236,2,2016,7,North Central,Minnesota,commercial sex act,235,juvenile,1,5482503,42.86363364,0.182398441
237,2,2016,5,Gulf Coast East,Mississippi,commercial sex act,0,juvenile,0,2988693,0,0
238,2,2016,8,Plains,Missouri,commercial sex act,16,juvenile,3,6071745,2.635156779,0.494091896
239,2,2016,12,Northeast,Montana,commercial sex act,1,juvenile,0,1030503,0.970399892,0
240,2,2016,9,Southwest/Pacific,Nevada,commercial sex act,140,juvenile,35,2868666,48.80317193,12.20079298
241,2,2016,8,Plains,North Dakota,commercial sex act,4,juvenile,0,754022,5.304885003,0
242,2,2016,6,Central,Ohio,commercial sex act,1,juvenile,0,11617850,0.086074446,0
243,2,2016,10,Rockies/Mid-West,Oklahoma,commercial sex act,42,juvenile,1,3909831,10.74215228,0.255765531
244,2,2016,12,Northeast,Oregon,commercial sex act,0,juvenile,0,4016918,0,0
245,2,2016,5,Gulf Coast East,Puerto Rico,commercial sex act,0,juvenile,0,3473166,0,0
246,2,2016,1,New England,Rhode Island,commercial sex act,5,juvenile,0,1056173,4.734072922,0
247,2,2016,4,Mid-Atlantic,South Carolina,commercial sex act,15,juvenile,2,4892253,3.066072012,0.408809602
248,2,2016,8,Plains,South Dakota,commercial sex act,0,juvenile,0,853933,0,0
249,2,2016,6,Central,Tennessee,commercial sex act,55,juvenile,0,6590808,8.344955581,0
250,2,2016,11,Gulf Coast West,Texas,commercial sex act,130,juvenile,2,27486814,4.729540499,0.072762162
251,2,2016,5,Gulf Coast East,U.S. Virgin Islands,commercial sex act,0,juvenile,0,107710,0,0
252,2,2016,10,Rockies/Mid-West,Utah,commercial sex act,0,juvenile,0,2982497,0,0
253,2,2016,2,Mideast North,Vermont,commercial sex act,2,juvenile,0,625197,3.198991678,0
254,2,2016,12,Northeast,Washington,commercial sex act,13,juvenile,0,7163543,1.814744464,0
255,2,2016,7,North Central,Wisconsin,commercial sex act,34,juvenile,1,5761406,5.901337278,0.173568743
256,2,2016,10,Rockies/Mid-West,Wyoming,commercial sex act,3,juvenile,0,585668,5.122356011,0
257,3,2017,5,Gulf Coast East,Alabama,commercial sex act,0,juvenile,0,4864745,0,0
258,3,2017,9,Southwest/Pacific,Alaska,commercial sex act,2,juvenile,0,741504,2.697220784,0
259,3,2017,9,Southwest/Pacific,Arizona,commercial sex act,92,juvenile,3,6945452,13.24607815,0.431937331
260,3,2017,8,Plains,Arkansas,commercial sex act,0,juvenile,0,2990410,0,0
261,3,2017,9,Southwest/Pacific,California,commercial sex act,0,juvenile,0,39209127,0,0
262,3,2017,10,Rockies/Mid-West,Colorado,commercial sex act,49,juvenile,0,5540921,8.843295185,0
263,3,2017,2,Mideast North,Connecticut,commercial sex act,8,juvenile,0,3578674,2.235464868,0
264,3,2017,3,Mideast South,Delaware,commercial sex act,5,juvenile,0,949216,5.267504973,0
265,3,2017,5,Gulf Coast East,Florida,commercial sex act,65,juvenile,0,20629982,3.150754082,0
266,3,2017,5,Gulf Coast East,Georgia,commercial sex act,0,juvenile,0,10304763,0,0
267,3,2017,9,Southwest/Pacific,Guam,commercial sex act,0,juvenile,0,162896,0,0
268,3,2017,9,Southwest/Pacific,Hawaii,commercial sex act,2,juvenile,0,1428105,1.400457249,0
269,3,2017,12,Northeast,Idaho,commercial sex act,0,juvenile,0,1682930,0,0
270,3,2017,7,North Central,Illinois,commercial sex act,26,juvenile,0,12826895,2.026990944,0
271,3,2017,7,North Central,Indiana,commercial sex act,2,juvenile,0,6633344,0.301507053,0
272,3,2017,10,Rockies/Mid-West,Kansas,commercial sex act,3,juvenile,0,2911263,1.030480585,0
273,3,2017,6,Central,Kentucky,commercial sex act,8,juvenile,0,4438229,1.80252078,0
274,3,2017,11,Gulf Coast West,Louisiana,commercial sex act,59,juvenile,0,4678215,12.61164782,0
275,3,2017,1,New England,Maine,commercial sex act,2,juvenile,0,1331370,1.502212007,0
276,3,2017,4,Mid-Atlantic,Maryland,commercial sex act,0,juvenile,0,6004692,0,0
277,3,2017,1,New England,Massachusetts,commercial sex act,17,juvenile,0,6826022,2.490469559,0
278,3,2017,6,Central,Michigan,commercial sex act,11,juvenile,0,9951890,1.105317683,0
279,3,2017,7,North Central,Minnesota,commercial sex act,173,juvenile,1,5523409,31.32123658,0.18104761
280,3,2017,5,Gulf Coast East,Mississippi,commercial sex act,0,juvenile,0,2988298,0,0
281,3,2017,8,Plains,Missouri,commercial sex act,25,juvenile,1,6087203,4.106976554,0.164279062
282,3,2017,12,Northeast,Montana,commercial sex act,2,juvenile,0,1040863,1.921482462,0
283,3,2017,8,Plains,Nebraska,commercial sex act,0,juvenile,0,1905924,0,0
284,3,2017,9,Southwest/Pacific,Nevada,commercial sex act,5,juvenile,0,2919772,1.71246248,0
285,3,2017,1,New England,New Hampshire,commercial sex act,2,juvenile,0,1342373,1.489898858,0
286,3,2017,10,Rockies/Mid-West,New Mexico,commercial sex act,0,juvenile,0,2092789,0,0
287,3,2017,2,Mideast North,New York,commercial sex act,0,juvenile,0,19641589,0,0
288,3,2017,4,Mid-Atlantic,North Carolina,commercial sex act,0,juvenile,0,10156679,0,0
289,3,2017,8,Plains,North Dakota,commercial sex act,10,juvenile,0,754353,13.25639323,0
290,3,2017,6,Central,Ohio,commercial sex act,0,juvenile,0,11635003,0,0
291,3,2017,10,Rockies/Mid-West,Oklahoma,commercial sex act,25,juvenile,2,3926769,6.36655734,0.509324587
292,3,2017,12,Northeast,Oregon,commercial sex act,1,juvenile,0,4091404,0.244414876,0
293,3,2017,5,Gulf Coast East,Puerto Rico,commercial sex act,0,juvenile,0,3406495,0,0
294,3,2017,1,New England,Rhode Island,commercial sex act,12,juvenile,0,1057063,11.3522089,0
295,3,2017,4,Mid-Atlantic,South Carolina,commercial sex act,26,juvenile,1,4958235,5.243801474,0.201684672
296,3,2017,8,Plains,South Dakota,commercial sex act,3,juvenile,0,862890,3.476688802,0
297,3,2017,6,Central,Tennessee,commercial sex act,75,juvenile,1,6645011,11.28666303,0.15048884
298,3,2017,11,Gulf Coast West,Texas,commercial sex act,193,juvenile,4,27937492,6.908279383,0.143176775
299,3,2017,10,Rockies/Mid-West,Utah,commercial sex act,1,juvenile,0,3042613,0.328664868,0
300,3,2017,12,Northeast,Washington,commercial sex act,29,juvenile,0,7294680,3.975499953,0
301,3,2017,7,North Central,Wisconsin,commercial sex act,59,juvenile,0,5772958,10.22006396,0
302,3,2017,10,Rockies/Mid-West,Wyoming,commercial sex act,2,juvenile,1,584290,3.422957778,1.711478889
303,0,2014,9,Southwest/Pacific,Alaska,involuntary servitude,0,adult,0,737045,0,0
304,0,2014,9,Southwest/Pacific,Arizona,involuntary servitude,0,adult,0,6634999,0,0
305,0,2014,9,Southwest/Pacific,California,involuntary servitude,0,adult,0,38280824,0,0
306,0,2014,10,Rockies/Mid-West,Colorado,involuntary servitude,2,adult,0,5270482,0.379471934,0
307,0,2014,3,Mideast South,Delaware,involuntary servitude,0,adult,0,923638,0,0
308,0,2014,5,Gulf Coast East,Florida,involuntary servitude,3,adult,3,19563166,0.153349412,0.153349412
309,0,2014,9,Southwest/Pacific,Guam,involuntary servitude,0,adult,0,160375,0,0
310,0,2014,9,Southwest/Pacific,Hawaii,involuntary servitude,0,adult,0,1408453,0,0
311,0,2014,12,Northeast,Idaho,involuntary servitude,0,adult,0,1611530,0,0
312,0,2014,7,North Central,Illinois,involuntary servitude,17,adult,0,12898269,1.318006315,0
313,0,2014,7,North Central,Indiana,involuntary servitude,0,adult,0,6568367,0,0
314,0,2014,10,Rockies/Mid-West,Kansas,involuntary servitude,0,adult,0,2893510,0,0
315,0,2014,1,New England,Massachusetts,involuntary servitude,1,adult,0,6713944,0.14894375,0
316,0,2014,6,Central,Michigan,involuntary servitude,1,adult,0,9913349,0.100874084,0
317,0,2014,7,North Central,Minnesota,involuntary servitude,1,adult,1,5413693,0.184716791,0.184716791
318,0,2014,8,Plains,Missouri,involuntary servitude,1,adult,0,6040658,0.165544879,0
319,0,2014,5,Gulf Coast East,Mississippi,involuntary servitude,0,adult,0,2988797,0,0
320,0,2014,12,Northeast,Montana,involuntary servitude,0,adult,0,1013564,0,0
321,0,2014,9,Southwest/Pacific,Nevada,involuntary servitude,0,adult,0,2776972,0,0
322,0,2014,6,Central,Ohio,involuntary servitude,0,adult,0,11576576,0,0
323,0,2014,10,Rockies/Mid-West,Oklahoma,involuntary servitude,0,adult,0,3853205,0,0
324,0,2014,12,Northeast,Oregon,involuntary servitude,0,adult,0,3922908,0,0
325,0,2014,8,Plains,South Dakota,involuntary servitude,0,adult,0,842270,0,0
326,0,2014,6,Central,Tennessee,involuntary servitude,1,adult,0,6493432,0.154001767,0
327,0,2014,11,Gulf Coast West,Texas,involuntary servitude,113,adult,14,26489464,4.26584698,0.528512015
328,0,2014,10,Rockies/Mid-West,Utah,involuntary servitude,0,adult,0,2897927,0,0
329,0,2014,5,Gulf Coast East,U.S. Virgin Islands,involuntary servitude,0,adult,0,108044,0,0
330,0,2014,12,Northeast,Washington,involuntary servitude,0,adult,0,6962906,0,0
331,0,2014,10,Rockies/Mid-West,Wyoming,involuntary servitude,1,adult,0,582123,1.717850008,0
332,1,2015,9,Southwest/Pacific,Alaska,involuntary servitude,0,adult,0,736307,0,0
333,1,2015,9,Southwest/Pacific,Arizona,involuntary servitude,1,adult,0,6733840,0.148503677,0
334,1,2015,8,Plains,Arkansas,involuntary servitude,0,adult,0,2967726,0,0
335,1,2015,10,Rockies/Mid-West,Colorado,involuntary servitude,6,adult,2,5351218,1.121240062,0.373746687
336,1,2015,2,Mideast North,Connecticut,involuntary servitude,0,adult,0,3594783,0,0
337,1,2015,3,Mideast South,Delaware,involuntary servitude,0,adult,0,932596,0,0
338,1,2015,5,Gulf Coast East,Florida,involuntary servitude,2,adult,0,19860330,0.100703261,0
339,1,2015,9,Southwest/Pacific,Guam,involuntary servitude,0,adult,0,160967,0,0
340,1,2015,9,Southwest/Pacific,Hawaii,involuntary servitude,0,adult,0,1414862,0,0
341,1,2015,12,Northeast,Idaho,involuntary servitude,0,adult,0,1631479,0,0
342,1,2015,7,North Central,Illinois,involuntary servitude,8,adult,0,12888962,0.620686134,0
343,1,2015,7,North Central,Indiana,involuntary servitude,0,adult,0,6593533,0,0
344,1,2015,10,Rockies/Mid-West,Kansas,involuntary servitude,0,adult,0,2900896,0,0
345,1,2015,11,Gulf Coast West,Louisiana,involuntary servitude,0,adult,0,4644204,0,0
346,1,2015,1,New England,Maine,involuntary servitude,0,adult,0,1330760,0,0
347,1,2015,4,Mid-Atlantic,Maryland,involuntary servitude,1,adult,1,5958165,0.16783691,0.16783691
348,1,2015,1,New England,Massachusetts,involuntary servitude,2,adult,1,6763652,0.295698241,0.147849121
349,1,2015,6,Central,Michigan,involuntary servitude,0,adult,0,9930589,0,0
350,1,2015,7,North Central,Minnesota,involuntary servitude,0,adult,0,5451522,0,0
351,1,2015,5,Gulf Coast East,Mississippi,involuntary servitude,0,adult,0,2990623,0,0
352,1,2015,8,Plains,Missouri,involuntary servitude,0,adult,0,6056293,0,0
353,1,2015,12,Northeast,Montana,involuntary servitude,0,adult,0,1021891,0,0
354,1,2015,8,Plains,Nebraska,involuntary servitude,0,adult,0,1879522,0,0
355,1,2015,9,Southwest/Pacific,Nevada,involuntary servitude,2,adult,0,2819012,0.709468424,0
356,1,2015,2,Mideast North,New York,involuntary servitude,0,adult,0,19656330,0,0
357,1,2015,4,Mid-Atlantic,North Carolina,involuntary servitude,0,adult,0,9933944,0,0
358,1,2015,6,Central,Ohio,involuntary servitude,0,adult,0,11602973,0,0
359,1,2015,10,Rockies/Mid-West,Oklahoma,involuntary servitude,2,adult,1,3878367,0.515680955,0.257840478
360,1,2015,12,Northeast,Oregon,involuntary servitude,0,adult,0,3964106,0,0
361,1,2015,5,Gulf Coast East,Puerto Rico,involuntary servitude,0,adult,0,3534874,0,0
362,1,2015,1,New England,Rhode Island,involuntary servitude,0,adult,0,1056017,0,0
363,1,2015,4,Mid-Atlantic,South Carolina,involuntary servitude,4,adult,0,4823793,0.829222979,0
364,1,2015,8,Plains,South Dakota,involuntary servitude,0,adult,0,849088,0,0
365,1,2015,6,Central,Tennessee,involuntary servitude,3,adult,1,6540826,0.458657668,0.152885889
366,1,2015,11,Gulf Coast West,Texas,involuntary servitude,187,adult,71,26977142,6.931794332,2.631857741
367,1,2015,5,Gulf Coast East,U.S. Virgin Islands,involuntary servitude,0,adult,0,107884,0,0
368,1,2015,10,Rockies/Mid-West,Utah,involuntary servitude,0,adult,0,2937399,0,0
369,1,2015,12,Northeast,Washington,involuntary servitude,0,adult,0,7052439,0,0
370,1,2015,7,North Central,Wisconsin,involuntary servitude,0,adult,0,5751974,0,0
371,1,2015,10,Rockies/Mid-West,Wyoming,involuntary servitude,1,adult,0,582548,1.716596744,0
372,2,2016,9,Southwest/Pacific,Alaska,involuntary servitude,1,adult,0,737547,1.355845797,0
373,2,2016,9,Southwest/Pacific,Arizona,involuntary servitude,0,adult,0,6833596,0,0
374,2,2016,8,Plains,Arkansas,involuntary servitude,2,adult,0,2978407,0.671499899,0
375,2,2016,10,Rockies/Mid-West,Colorado,involuntary servitude,22,adult,9,5452107,4.035137241,1.650737962
376,2,2016,2,Mideast North,Connecticut,involuntary servitude,1,adult,0,3587509,0.278744945,0
377,2,2016,3,Mideast South,Delaware,involuntary servitude,0,adult,0,941413,0,0
378,2,2016,5,Gulf Coast East,Florida,involuntary servitude,7,adult,4,20224249,0.346119156,0.197782375
379,2,2016,9,Southwest/Pacific,Hawaii,involuntary servitude,0,adult,0,1422484,0,0
380,2,2016,7,North Central,Illinois,involuntary servitude,3,adult,0,12864342,0.233202755,0
381,2,2016,7,North Central,Indiana,involuntary servitude,0,adult,0,6608296,0,0
382,2,2016,10,Rockies/Mid-West,Kansas,involuntary servitude,2,adult,1,2909502,0.687402861,0.343701431
383,2,2016,11,Gulf Coast West,Louisiana,involuntary servitude,2,adult,2,4664851,0.428738238,0.428738238
384,2,2016,4,Mid-Atlantic,Maryland,involuntary servitude,0,adult,0,5986717,0,0
385,2,2016,1,New England,Massachusetts,involuntary servitude,3,adult,3,6795891,0.441443219,0.441443219
386,2,2016,6,Central,Michigan,involuntary servitude,2,adult,0,9932573,0.201357695,0
387,2,2016,7,North Central,Minnesota,involuntary servitude,0,adult,0,5482503,0,0
388,2,2016,5,Gulf Coast East,Mississippi,involuntary servitude,0,adult,0,2988693,0,0
389,2,2016,8,Plains,Missouri,involuntary servitude,0,adult,0,6071745,0,0
390,2,2016,12,Northeast,Montana,involuntary servitude,0,adult,0,1030503,0,0
391,2,2016,9,Southwest/Pacific,Nevada,involuntary servitude,0,adult,0,2868666,0,0
392,2,2016,8,Plains,North Dakota,involuntary servitude,1,adult,1,754022,1.326221251,1.326221251
393,2,2016,6,Central,Ohio,involuntary servitude,0,adult,0,11617850,0,0
394,2,2016,10,Rockies/Mid-West,Oklahoma,involuntary servitude,4,adult,3,3909831,1.023062122,0.767296592
395,2,2016,12,Northeast,Oregon,involuntary servitude,0,adult,0,4016918,0,0
396,2,2016,5,Gulf Coast East,Puerto Rico,involuntary servitude,0,adult,0,3473166,0,0
397,2,2016,1,New England,Rhode Island,involuntary servitude,1,adult,0,1056173,0.946814584,0
398,2,2016,4,Mid-Atlantic,South Carolina,involuntary servitude,7,adult,7,4892253,1.430833606,1.430833606
399,2,2016,8,Plains,South Dakota,involuntary servitude,0,adult,0,853933,0,0
400,2,2016,6,Central,Tennessee,involuntary servitude,0,adult,0,6590808,0,0
401,2,2016,11,Gulf Coast West,Texas,involuntary servitude,127,adult,27,27486814,4.620397257,0.982289181
402,2,2016,5,Gulf Coast East,U.S. Virgin Islands,involuntary servitude,0,adult,0,107710,0,0
403,2,2016,10,Rockies/Mid-West,Utah,involuntary servitude,0,adult,0,2982497,0,0
404,2,2016,2,Mideast North,Vermont,involuntary servitude,0,adult,0,625197,0,0
405,2,2016,12,Northeast,Washington,involuntary servitude,1,adult,1,7163543,0.139595728,0.139595728
406,2,2016,7,North Central,Wisconsin,involuntary servitude,1,adult,0,5761406,0.173568743,0
407,2,2016,10,Rockies/Mid-West,Wyoming,involuntary servitude,2,adult,1,585668,3.414904007,1.707452004
408,3,2017,5,Gulf Coast East,Alabama,involuntary servitude,0,adult,0,4864745,0,0
409,3,2017,9,Southwest/Pacific,Alaska,involuntary servitude,1,adult,0,741504,1.348610392,0
410,3,2017,9,Southwest/Pacific,Arizona,involuntary servitude,7,adult,4,6945452,1.007853773,0.575916441
411,3,2017,8,Plains,Arkansas,involuntary servitude,0,adult,0,2990410,0,0
412,3,2017,9,Southwest/Pacific,California,involuntary servitude,0,adult,0,39209127,0,0
413,3,2017,10,Rockies/Mid-West,Colorado,involuntary servitude,7,adult,0,5540921,1.263327884,0
414,3,2017,2,Mideast North,Connecticut,involuntary servitude,0,adult,0,3578674,0,0
415,3,2017,3,Mideast South,Delaware,involuntary servitude,0,adult,0,949216,0,0
416,3,2017,5,Gulf Coast East,Florida,involuntary servitude,24,adult,7,20629982,1.163355353,0.339311978
417,3,2017,5,Gulf Coast East,Georgia,involuntary servitude,0,adult,0,10304763,0,0
418,3,2017,9,Southwest/Pacific,Guam,involuntary servitude,0,adult,0,162896,0,0
419,3,2017,9,Southwest/Pacific,Hawaii,involuntary servitude,0,adult,0,1428105,0,0
420,3,2017,12,Northeast,Idaho,involuntary servitude,0,adult,0,1682930,0,0
421,3,2017,7,North Central,Illinois,involuntary servitude,8,adult,0,12826895,0.623689521,0
422,3,2017,7,North Central,Indiana,involuntary servitude,1,adult,0,6633344,0.150753526,0
423,3,2017,10,Rockies/Mid-West,Kansas,involuntary servitude,0,adult,0,2911263,0,0
424,3,2017,6,Central,Kentucky,involuntary servitude,14,adult,0,4438229,3.154411365,0
425,3,2017,11,Gulf Coast West,Louisiana,involuntary servitude,2,adult,2,4678215,0.427513485,0.427513485
426,3,2017,1,New England,Maine,involuntary servitude,0,adult,0,1331370,0,0
427,3,2017,4,Mid-Atlantic,Maryland,involuntary servitude,0,adult,0,6004692,0,0
428,3,2017,1,New England,Massachusetts,involuntary servitude,11,adult,2,6826022,1.611480303,0.292996419
429,3,2017,6,Central,Michigan,involuntary servitude,11,adult,0,9951890,1.105317683,0
430,3,2017,7,North Central,Minnesota,involuntary servitude,0,adult,0,5523409,0,0
431,3,2017,5,Gulf Coast East,Mississippi,involuntary servitude,0,adult,0,2988298,0,0
432,3,2017,8,Plains,Missouri,involuntary servitude,3,adult,0,6087203,0.492837186,0
433,3,2017,12,Northeast,Montana,involuntary servitude,0,adult,0,1040863,0,0
434,3,2017,8,Plains,Nebraska,involuntary servitude,0,adult,0,1905924,0,0
435,3,2017,9,Southwest/Pacific,Nevada,involuntary servitude,0,adult,0,2919772,0,0
436,3,2017,1,New England,New Hampshire,involuntary servitude,0,adult,0,1342373,0,0
437,3,2017,10,Rockies/Mid-West,New Mexico,involuntary servitude,0,adult,0,2092789,0,0
438,3,2017,2,Mideast North,New York,involuntary servitude,0,adult,0,19641589,0,0
439,3,2017,4,Mid-Atlantic,North Carolina,involuntary servitude,0,adult,0,10156679,0,0
440,3,2017,8,Plains,North Dakota,involuntary servitude,1,adult,0,754353,1.325639323,0
441,3,2017,6,Central,Ohio,involuntary servitude,0,adult,0,11635003,0,0
442,3,2017,10,Rockies/Mid-West,Oklahoma,involuntary servitude,0,adult,0,3926769,0,0
443,3,2017,12,Northeast,Oregon,involuntary servitude,0,adult,0,4091404,0,0
444,3,2017,5,Gulf Coast East,Puerto Rico,involuntary servitude,0,adult,0,3406495,0,0
445,3,2017,1,New England,Rhode Island,involuntary servitude,1,adult,1,1057063,0.946017409,0.946017409
446,3,2017,4,Mid-Atlantic,South Carolina,involuntary servitude,4,adult,0,4958235,0.806738688,0
447,3,2017,8,Plains,South Dakota,involuntary servitude,0,adult,0,862890,0,0
448,3,2017,6,Central,Tennessee,involuntary servitude,4,adult,0,6645011,0.601955362,0
449,3,2017,11,Gulf Coast West,Texas,involuntary servitude,119,adult,43,27937492,4.25950905,1.539150329
450,3,2017,10,Rockies/Mid-West,Utah,involuntary servitude,0,adult,0,3042613,0,0
451,3,2017,12,Northeast,Washington,involuntary servitude,1,adult,1,7294680,0.137086205,0.137086205
452,3,2017,7,North Central,Wisconsin,involuntary servitude,6,adult,2,5772958,1.039328538,0.346442846
453,3,2017,10,Rockies/Mid-West,Wyoming,involuntary servitude,0,adult,0,584290,0,0
454,0,2014,9,Southwest/Pacific,Alaska,involuntary servitude,0,juvenile,0,737045,0,0
455,0,2014,9,Southwest/Pacific,Arizona,involuntary servitude,0,juvenile,0,6634999,0,0
456,0,2014,9,Southwest/Pacific,California,involuntary servitude,0,juvenile,0,38280824,0,0
457,0,2014,10,Rockies/Mid-West,Colorado,involuntary servitude,2,juvenile,0,5270482,0.379471934,0
458,0,2014,3,Mideast South,Delaware,involuntary servitude,0,juvenile,0,923638,0,0
459,0,2014,5,Gulf Coast East,Florida,involuntary servitude,3,juvenile,0,19563166,0.153349412,0
460,0,2014,9,Southwest/Pacific,Guam,involuntary servitude,0,juvenile,0,160375,0,0
461,0,2014,9,Southwest/Pacific,Hawaii,involuntary servitude,0,juvenile,0,1408453,0,0
462,0,2014,12,Northeast,Idaho,involuntary servitude,0,juvenile,0,1611530,0,0
463,0,2014,7,North Central,Illinois,involuntary servitude,17,juvenile,0,12898269,1.318006315,0
464,0,2014,7,North Central,Indiana,involuntary servitude,0,juvenile,0,6568367,0,0
465,0,2014,10,Rockies/Mid-West,Kansas,involuntary servitude,0,juvenile,0,2893510,0,0
466,0,2014,1,New England,Massachusetts,involuntary servitude,1,juvenile,0,6713944,0.14894375,0
467,0,2014,6,Central,Michigan,involuntary servitude,1,juvenile,0,9913349,0.100874084,0
468,0,2014,7,North Central,Minnesota,involuntary servitude,1,juvenile,0,5413693,0.184716791,0
469,0,2014,8,Plains,Missouri,involuntary servitude,1,juvenile,0,6040658,0.165544879,0
470,0,2014,5,Gulf Coast East,Mississippi,involuntary servitude,0,juvenile,0,2988797,0,0
471,0,2014,12,Northeast,Montana,involuntary servitude,0,juvenile,0,1013564,0,0
472,0,2014,9,Southwest/Pacific,Nevada,involuntary servitude,0,juvenile,0,2776972,0,0
473,0,2014,6,Central,Ohio,involuntary servitude,0,juvenile,0,11576576,0,0
474,0,2014,10,Rockies/Mid-West,Oklahoma,involuntary servitude,0,juvenile,0,3853205,0,0
475,0,2014,12,Northeast,Oregon,involuntary servitude,0,juvenile,0,3922908,0,0
476,0,2014,8,Plains,South Dakota,involuntary servitude,0,juvenile,0,842270,0,0
477,0,2014,6,Central,Tennessee,involuntary servitude,1,juvenile,0,6493432,0.154001767,0
478,0,2014,11,Gulf Coast West,Texas,involuntary servitude,113,juvenile,3,26489464,4.26584698,0.113252575
479,0,2014,10,Rockies/Mid-West,Utah,involuntary servitude,0,juvenile,0,2897927,0,0
480,0,2014,5,Gulf Coast East,U.S. Virgin Islands,involuntary servitude,0,juvenile,0,108044,0,0
481,0,2014,12,Northeast,Washington,involuntary servitude,0,juvenile,0,6962906,0,0
482,0,2014,10,Rockies/Mid-West,Wyoming,involuntary servitude,1,juvenile,0,582123,1.717850008,0
483,1,2015,9,Southwest/Pacific,Alaska,involuntary servitude,0,juvenile,0,736307,0,0
484,1,2015,9,Southwest/Pacific,Arizona,involuntary servitude,1,juvenile,0,6733840,0.148503677,0
485,1,2015,8,Plains,Arkansas,involuntary servitude,0,juvenile,0,2967726,0,0
486,1,2015,10,Rockies/Mid-West,Colorado,involuntary servitude,6,juvenile,0,5351218,1.121240062,0
487,1,2015,2,Mideast North,Connecticut,involuntary servitude,0,juvenile,0,3594783,0,0
488,1,2015,3,Mideast South,Delaware,involuntary servitude,0,juvenile,0,932596,0,0
489,1,2015,5,Gulf Coast East,Florida,involuntary servitude,2,juvenile,0,19860330,0.100703261,0
490,1,2015,9,Southwest/Pacific,Guam,involuntary servitude,0,juvenile,0,160967,0,0
491,1,2015,9,Southwest/Pacific,Hawaii,involuntary servitude,0,juvenile,0,1414862,0,0
492,1,2015,12,Northeast,Idaho,involuntary servitude,0,juvenile,0,1631479,0,0
493,1,2015,7,North Central,Illinois,involuntary servitude,8,juvenile,0,12888962,0.620686134,0
494,1,2015,7,North Central,Indiana,involuntary servitude,0,juvenile,0,6593533,0,0
495,1,2015,10,Rockies/Mid-West,Kansas,involuntary servitude,0,juvenile,0,2900896,0,0
496,1,2015,11,Gulf Coast West,Louisiana,involuntary servitude,0,juvenile,0,4644204,0,0
497,1,2015,1,New England,Maine,involuntary servitude,0,juvenile,0,1330760,0,0
498,1,2015,4,Mid-Atlantic,Maryland,involuntary servitude,1,juvenile,0,5958165,0.16783691,0
499,1,2015,1,New England,Massachusetts,involuntary servitude,2,juvenile,0,6763652,0.295698241,0
500,1,2015,6,Central,Michigan,involuntary servitude,0,juvenile,0,9930589,0,0
501,1,2015,7,North Central,Minnesota,involuntary servitude,0,juvenile,0,5451522,0,0
502,1,2015,5,Gulf Coast East,Mississippi,involuntary servitude,0,juvenile,0,2990623,0,0
503,1,2015,8,Plains,Missouri,involuntary servitude,0,juvenile,0,6056293,0,0
504,1,2015,12,Northeast,Montana,involuntary servitude,0,juvenile,0,1021891,0,0
505,1,2015,8,Plains,Nebraska,involuntary servitude,0,juvenile,0,1879522,0,0
506,1,2015,9,Southwest/Pacific,Nevada,involuntary servitude,2,juvenile,0,2819012,0.709468424,0
507,1,2015,2,Mideast North,New York,involuntary servitude,0,juvenile,0,19656330,0,0
508,1,2015,4,Mid-Atlantic,North Carolina,involuntary servitude,0,juvenile,0,9933944,0,0
509,1,2015,6,Central,Ohio,involuntary servitude,0,juvenile,0,11602973,0,0
510,1,2015,10,Rockies/Mid-West,Oklahoma,involuntary servitude,2,juvenile,0,3878367,0.515680955,0
511,1,2015,12,Northeast,Oregon,involuntary servitude,0,juvenile,0,3964106,0,0
512,1,2015,5,Gulf Coast East,Puerto Rico,involuntary servitude,0,juvenile,0,3534874,0,0
513,1,2015,1,New England,Rhode Island,involuntary servitude,0,juvenile,0,1056017,0,0
514,1,2015,4,Mid-Atlantic,South Carolina,involuntary servitude,4,juvenile,0,4823793,0.829222979,0
515,1,2015,8,Plains,South Dakota,involuntary servitude,0,juvenile,0,849088,0,0
516,1,2015,6,Central,Tennessee,involuntary servitude,3,juvenile,0,6540826,0.458657668,0
517,1,2015,11,Gulf Coast West,Texas,involuntary servitude,187,juvenile,0,26977142,6.931794332,0
518,1,2015,5,Gulf Coast East,U.S. Virgin Islands,involuntary servitude,0,juvenile,0,107884,0,0
519,1,2015,10,Rockies/Mid-West,Utah,involuntary servitude,0,juvenile,0,2937399,0,0
520,1,2015,12,Northeast,Washington,involuntary servitude,0,juvenile,0,7052439,0,0
521,1,2015,7,North Central,Wisconsin,involuntary servitude,0,juvenile,0,5751974,0,0
522,1,2015,10,Rockies/Mid-West,Wyoming,involuntary servitude,1,juvenile,0,582548,1.716596744,0
523,2,2016,9,Southwest/Pacific,Alaska,involuntary servitude,1,juvenile,0,737547,1.355845797,0
524,2,2016,9,Southwest/Pacific,Arizona,involuntary servitude,0,juvenile,0,6833596,0,0
525,2,2016,8,Plains,Arkansas,involuntary servitude,2,juvenile,0,2978407,0.671499899,0
526,2,2016,10,Rockies/Mid-West,Colorado,involuntary servitude,22,juvenile,0,5452107,4.035137241,0
527,2,2016,2,Mideast North,Connecticut,involuntary servitude,1,juvenile,0,3587509,0.278744945,0
528,2,2016,3,Mideast South,Delaware,involuntary servitude,0,juvenile,0,941413,0,0
529,2,2016,5,Gulf Coast East,Florida,involuntary servitude,7,juvenile,0,20224249,0.346119156,0
530,2,2016,9,Southwest/Pacific,Hawaii,involuntary servitude,0,juvenile,0,1422484,0,0
531,2,2016,7,North Central,Illinois,involuntary servitude,3,juvenile,0,12864342,0.233202755,0
532,2,2016,7,North Central,Indiana,involuntary servitude,0,juvenile,0,6608296,0,0
533,2,2016,10,Rockies/Mid-West,Kansas,involuntary servitude,2,juvenile,0,2909502,0.687402861,0
534,2,2016,11,Gulf Coast West,Louisiana,involuntary servitude,2,juvenile,0,4664851,0.428738238,0
535,2,2016,4,Mid-Atlantic,Maryland,involuntary servitude,0,juvenile,0,5986717,0,0
536,2,2016,1,New England,Massachusetts,involuntary servitude,3,juvenile,0,6795891,0.441443219,0
537,2,2016,6,Central,Michigan,involuntary servitude,2,juvenile,0,9932573,0.201357695,0
538,2,2016,7,North Central,Minnesota,involuntary servitude,0,juvenile,0,5482503,0,0
539,2,2016,5,Gulf Coast East,Mississippi,involuntary servitude,0,juvenile,0,2988693,0,0
540,2,2016,8,Plains,Missouri,involuntary servitude,0,juvenile,0,6071745,0,0
541,2,2016,12,Northeast,Montana,involuntary servitude,0,juvenile,0,1030503,0,0
542,2,2016,9,Southwest/Pacific,Nevada,involuntary servitude,0,juvenile,0,2868666,0,0
543,2,2016,8,Plains,North Dakota,involuntary servitude,1,juvenile,0,754022,1.326221251,0
544,2,2016,6,Central,Ohio,involuntary servitude,0,juvenile,0,11617850,0,0
545,2,2016,10,Rockies/Mid-West,Oklahoma,involuntary servitude,4,juvenile,0,3909831,1.023062122,0
546,2,2016,12,Northeast,Oregon,involuntary servitude,0,juvenile,0,4016918,0,0
547,2,2016,5,Gulf Coast East,Puerto Rico,involuntary servitude,0,juvenile,0,3473166,0,0
548,2,2016,1,New England,Rhode Island,involuntary servitude,1,juvenile,0,1056173,0.946814584,0
549,2,2016,4,Mid-Atlantic,South Carolina,involuntary servitude,7,juvenile,0,4892253,1.430833606,0
550,2,2016,8,Plains,South Dakota,involuntary servitude,0,juvenile,0,853933,0,0
551,2,2016,6,Central,Tennessee,involuntary servitude,0,juvenile,0,6590808,0,0
552,2,2016,11,Gulf Coast West,Texas,involuntary servitude,127,juvenile,0,27486814,4.620397257,0
553,2,2016,5,Gulf Coast East,U.S. Virgin Islands,involuntary servitude,0,juvenile,0,107710,0,0
554,2,2016,10,Rockies/Mid-West,Utah,involuntary servitude,0,juvenile,0,2982497,0,0
555,2,2016,2,Mideast North,Vermont,involuntary servitude,0,juvenile,0,625197,0,0
556,2,2016,12,Northeast,Washington,involuntary servitude,1,juvenile,0,7163543,0.139595728,0
557,2,2016,7,North Central,Wisconsin,involuntary servitude,1,juvenile,0,5761406,0.173568743,0
558,2,2016,10,Rockies/Mid-West,Wyoming,involuntary servitude,2,juvenile,0,585668,3.414904007,0
559,3,2017,5,Gulf Coast East,Alabama,involuntary servitude,0,juvenile,0,4864745,0,0
560,3,2017,9,Southwest/Pacific,Alaska,involuntary servitude,1,juvenile,0,741504,1.348610392,0
561,3,2017,9,Southwest/Pacific,Arizona,involuntary servitude,7,juvenile,0,6945452,1.007853773,0
562,3,2017,8,Plains,Arkansas,involuntary servitude,0,juvenile,0,2990410,0,0
563,3,2017,9,Southwest/Pacific,California,involuntary servitude,0,juvenile,0,39209127,0,0
564,3,2017,10,Rockies/Mid-West,Colorado,involuntary servitude,7,juvenile,0,5540921,1.263327884,0
565,3,2017,2,Mideast North,Connecticut,involuntary servitude,0,juvenile,0,3578674,0,0
566,3,2017,3,Mideast South,Delaware,involuntary servitude,0,juvenile,0,949216,0,0
567,3,2017,5,Gulf Coast East,Florida,involuntary servitude,24,juvenile,0,20629982,1.163355353,0
568,3,2017,5,Gulf Coast East,Georgia,involuntary servitude,0,juvenile,0,10304763,0,0
569,3,2017,9,Southwest/Pacific,Guam,involuntary servitude,0,juvenile,0,162896,0,0
570,3,2017,9,Southwest/Pacific,Hawaii,involuntary servitude,0,juvenile,0,1428105,0,0
571,3,2017,12,Northeast,Idaho,involuntary servitude,0,juvenile,0,1682930,0,0
572,3,2017,7,North Central,Illinois,involuntary servitude,8,juvenile,0,12826895,0.623689521,0
573,3,2017,7,North Central,Indiana,involuntary servitude,1,juvenile,0,6633344,0.150753526,0
574,3,2017,10,Rockies/Mid-West,Kansas,involuntary servitude,0,juvenile,0,2911263,0,0
575,3,2017,6,Central,Kentucky,involuntary servitude,14,juvenile,0,4438229,3.154411365,0
576,3,2017,11,Gulf Coast West,Louisiana,involuntary servitude,2,juvenile,0,4678215,0.427513485,0
577,3,2017,1,New England,Maine,involuntary servitude,0,juvenile,0,1331370,0,0
578,3,2017,4,Mid-Atlantic,Maryland,involuntary servitude,0,juvenile,0,6004692,0,0
579,3,2017,1,New England,Massachusetts,involuntary servitude,11,juvenile,0,6826022,1.611480303,0
580,3,2017,6,Central,Michigan,involuntary servitude,11,juvenile,0,9951890,1.105317683,0
581,3,2017,7,North Central,Minnesota,involuntary servitude,0,juvenile,0,5523409,0,0
582,3,2017,5,Gulf Coast East,Mississippi,involuntary servitude,0,juvenile,0,2988298,0,0
583,3,2017,8,Plains,Missouri,involuntary servitude,3,juvenile,0,6087203,0.492837186,0
584,3,2017,12,Northeast,Montana,involuntary servitude,0,juvenile,0,1040863,0,0
585,3,2017,8,Plains,Nebraska,involuntary servitude,0,juvenile,0,1905924,0,0
586,3,2017,9,Southwest/Pacific,Nevada,involuntary servitude,0,juvenile,0,2919772,0,0
587,3,2017,1,New England,New Hampshire,involuntary servitude,0,juvenile,0,1342373,0,0
588,3,2017,10,Rockies/Mid-West,New Mexico,involuntary servitude,0,juvenile,0,2092789,0,0
589,3,2017,2,Mideast North,New York,involuntary servitude,0,juvenile,0,19641589,0,0
590,3,2017,4,Mid-Atlantic,North Carolina,involuntary servitude,0,juvenile,0,10156679,0,0
591,3,2017,8,Plains,North Dakota,involuntary servitude,1,juvenile,0,754353,1.325639323,0
592,3,2017,6,Central,Ohio,involuntary servitude,0,juvenile,0,11635003,0,0
593,3,2017,10,Rockies/Mid-West,Oklahoma,involuntary servitude,0,juvenile,0,3926769,0,0
594,3,2017,12,Northeast,Oregon,involuntary servitude,0,juvenile,0,4091404,0,0
595,3,2017,5,Gulf Coast East,Puerto Rico,involuntary servitude,0,juvenile,0,3406495,0,0
596,3,2017,1,New England,Rhode Island,involuntary servitude,1,juvenile,0,1057063,0.946017409,0
597,3,2017,4,Mid-Atlantic,South Carolina,involuntary servitude,4,juvenile,0,4958235,0.806738688,0
598,3,2017,8,Plains,South Dakota,involuntary servitude,0,juvenile,0,862890,0,0
599,3,2017,6,Central,Tennessee,involuntary servitude,4,juvenile,0,6645011,0.601955362,0
600,3,2017,11,Gulf Coast West,Texas,involuntary servitude,119,juvenile,16,27937492,4.25950905,0.572707099
601,3,2017,10,Rockies/Mid-West,Utah,involuntary servitude,0,juvenile,0,3042613,0,0
602,3,2017,12,Northeast,Washington,involuntary servitude,1,juvenile,0,7294680,0.137086205,0
603,3,2017,7,North Central,Wisconsin,involuntary servitude,6,juvenile,0,5772958,1.039328538,0
604,3,2017,10,Rockies/Mid-West,Wyoming,involuntary servitude,0,juvenile,0,584290,0,0
